Flavour, Time since last tick, Framerate, Boids on screen
CPUseq, 40933, 256.489176156766, 268
CPUseq, 49564, 210.075206924079, 268
CPUseq, 47880, 216.351874688994, 268
CPUseq, 58843, 175.675913075558, 268
CPUseq, 49670, 208.894737941551, 268
CPUseq, 38569, 269.818142571906, 268
CPUseq, 40198, 258.792474314847, 268
CPUseq, 47756, 216.281685266892, 268
CPUseq, 44999, 230.266187712996, 268
CPUseq, 41510, 250.808858568885, 268
CPUseq, 41489, 250.17512258581, 268
CPUseq, 44565, 232.336609279524, 268
CPUseq, 40017, 259.679555428601, 268
CPUseq, 40198, 258.872867534754, 268
CPUseq, 41543, 249.893795137067, 268
CPUseq, 49094, 210.46871382569, 268
CPUseq, 44275, 234.785875281743, 268
CPUseq, 49506, 209.942895532415, 268
CPUseq, 49803, 207.490403568835, 268
CPUseq, 50729, 204.641263864446, 268
CPUseq, 55053, 188.178619145293, 268
CPUseq, 53496, 193.087468623286, 268
CPUseq, 50067, 209.332021519332, 268
CPUseq, 48490, 213.342435943934, 268
CPUseq, 50677, 212.752377507819, 277
CPUseq, 39970, 265.237918412816, 286
CPUseq, 66511, 155.603273892883, 297
CPUseq, 45612, 230.749705794125, 306
CPUseq, 48827, 217.703661775591, 319
CPUseq, 54282, 196.625899563491, 325
CPUseq, 56610, 185.559740958602, 336
CPUseq, 43564, 242.04870019848, 344
CPUseq, 53428, 198.664971392244, 358
CPUseq, 57564, 181.570585565138, 366
CPUseq, 67849, 153.711360806677, 375
CPUseq, 48061, 218.526693035554, 381
CPUseq, 121176, 86.8379690335802, 390
CPUseq, 67693, 162.488016508782, 394
CPUseq, 61321, 171.435428845725, 402
CPUseq, 53154, 197.659709044908, 407
CPUseq, 47535, 220.9163610657, 418
CPUseq, 44071, 239.326057821176, 425
CPUseq, 54640, 192.470552005543, 434
CPUseq, 46196, 227.329559662643, 443
CPUseq, 64393, 161.462201698582, 451
CPUseq, 59184, 177.645136076174, 456
CPUseq, 54789, 190.410906736738, 463
CPUseq, 61508, 168.861870989531, 468
CPUseq, 48399, 217.414936406131, 474
CPUseq, 51789, 201.905992569859, 482
CPUseq, 60955, 173.061280999602, 492
CPUseq, 67961, 154.356718376167, 498
CPUseq, 63046, 166.248275174145, 505
CPUseq, 49092, 213.492741246798, 513
CPUseq, 66803, 155.431555714441, 522
CPUseq, 60258, 173.861640906167, 528
CPUseq, 54081, 193.165794201163, 536
CPUseq, 51934, 201.353092783505, 542
CPUseq, 48060, 219.370406932105, 552
CPUseq, 68605, 151.581755619894, 557
CPUseq, 53566, 195.308685377239, 565
CPUseq, 52942, 199.932023112142, 570
CPUseq, 59464, 176.894093506218, 579
CPUseq, 49610, 211.211084357707, 583
CPUseq, 57451, 181.126607498642, 591
CPUseq, 50275, 208.259574733948, 594
CPUseq, 62781, 165.163677204109, 598
CPUseq, 54254, 192.233756247597, 599
CPUseq, 59867, 174.428745857317, 603
CPUseq, 51825, 205.499157453454, 605
CPUseq, 123831, 85.0137722311014, 610
CPUseq, 56682, 201.734920314707, 611
CPUseq, 123817, 86.2857438693979, 616
CPUseq, 62438, 177.774617340136, 618
CPUseq, 50777, 206.428173317094, 627
CPUseq, 65112, 160.122974444373, 634
CPUseq, 57985, 179.356111559501, 646
CPUseq, 68289, 152.160681679854, 651
CPUseq, 64218, 162.694216220613, 657
CPUseq, 51066, 205.0020500205, 659
CPUseq, 60406, 171.95130339088, 666
CPUseq, 56699, 183.654729109275, 671
CPUseq, 62987, 164.568419320332, 679
CPUseq, 70110, 149.066841571761, 684
CPUseq, 74471, 139.776078721888, 694
CPUseq, 75918, 137.003192174378, 702
CPUseq, 79891, 128.937426666839, 709
CPUseq, 66003, 157.047506870828, 715
CPUseq, 62084, 167.254846209169, 721
CPUseq, 55279, 188.718413255581, 726
CPUseq, 67880, 152.390240928971, 733
CPUseq, 56070, 185.76311487591, 737
CPUseq, 65063, 159.04825524064, 746
CPUseq, 71898, 144.688485690309, 749
CPUseq, 57078, 182.535046728972, 757
CPUseq, 70780, 146.877386757535, 764
CPUseq, 72939, 142.011162077339, 772
CPUseq, 69556, 150.163678409466, 778
CPUseq, 66701, 157.072174664258, 788
CPUseq, 77245, 135.339974014725, 797
CPUseq, 67021, 154.483099548909, 805
CPUseq, 65966, 156.978478250632, 815
CPUseq, 81790, 129.792591438881, 823
CPUseq, 71452, 149.642354772095, 829
CPUseq, 77492, 132.936296926513, 839
CPUseq, 59017, 176.164890337356, 845
CPUseq, 75589, 136.351240796291, 855
CPUseq, 77756, 132.466121789352, 863
CPUseq, 76637, 134.377897523415, 872
CPUseq, 83545, 122.983077528532, 877
CPUseq, 122778, 85.7397626723369, 883
CPUseq, 94564, 112.261164372797, 887
CPUseq, 64044, 161.867301186487, 896
CPUseq, 73267, 140.779637633213, 902
CPUseq, 75575, 136.625087098493, 909
CPUseq, 71823, 143.971896685767, 914
CPUseq, 73854, 139.618005137943, 920
CPUseq, 84764, 121.700397960301, 924
CPUseq, 77252, 133.402702738757, 929
CPUseq, 64874, 159.675539304134, 930
CPUseq, 85415, 121.341552201136, 933
CPUseq, 79025, 130.323724130741, 934
CPUseq, 78982, 131.705453922847, 938
CPUseq, 63023, 164.595506542671, 941
CPUseq, 72941, 141.312795873666, 947
CPUseq, 125931, 86.6829052642528, 953
CPUseq, 87858, 121.32977432662, 956
CPUseq, 82737, 124.259105085925, 963
CPUseq, 78759, 132.178970325821, 969
CPUseq, 124206, 84.4523266615995, 976
CPUseq, 73694, 146.752370050776, 980
CPUseq, 80590, 128.083612982555, 983
CPUseq, 91022, 112.877009210764, 988
CPUseq, 84010, 122.34211749737, 991
CPUseq, 66878, 154.887474249957, 993
CPUseq, 72848, 143.270580818935, 999
CPUseq, 77727, 142.158535198453, 1006
CPUseq, 67099, 154.182984365845, 1012
CPUseq, 101809, 101.224820325944, 1023
CPUseq, 70769, 146.085635399471, 1027
CPUseq, 68348, 151.329429034064, 1033
CPUseq, 74113, 139.390306798065, 1040
CPUseq, 84456, 122.918075102944, 1048
CPUseq, 73532, 140.467193886868, 1052
CPUseq, 80342, 129.429732598172, 1059
CPUseq, 69577, 148.57074939086, 1064
CPUseq, 90790, 113.129850442338, 1071
CPUseq, 95254, 107.510697314383, 1076
CPUseq, 87553, 117.234668636209, 1083
CPUseq, 92138, 111.290412330978, 1087
CPUseq, 88894, 115.510788707665, 1091
CPUseq, 102936, 101.421935536218, 1095
CPUseq, 91822, 111.665717508068, 1103
CPUseq, 97839, 105.117100449901, 1107
CPUseq, 94755, 109.067905678075, 1115
CPUseq, 77582, 132.870942453595, 1118
CPUseq, 75137, 137.292859398383, 1126
CPUseq, 90006, 114.176105224699, 1131
CPUseq, 72849, 141.627011103558, 1139
CPUseq, 94093, 108.871977441726, 1145
CPUseq, 96873, 105.678083422279, 1150
CPUseq, 90874, 112.838798492474, 1155
CPUseq, 77481, 132.895663614496, 1160
CPUseq, 95161, 107.733080519704, 1164
CPUseq, 88665, 115.681828698348, 1167
CPUseq, 96203, 106.427134662253, 1168
CPUseq, 94373, 108.621270217134, 1172
CPUseq, 95611, 107.096193801272, 1173
CPUseq, 89018, 115.350897429982, 1178
CPUseq, 84340, 121.897703447267, 1181
CPUseq, 80591, 130.032247997503, 1189
CPUseq, 76108, 135.449964783009, 1195
CPUseq, 76109, 135.389447746443, 1201
CPUseq, 100827, 102.571466669402, 1207
CPUseq, 95016, 107.776041386, 1213
CPUseq, 78187, 131.646502810653, 1219
CPUseq, 79414, 129.575639779721, 1226
CPUseq, 98939, 103.485387863234, 1230
CPUseq, 90644, 114.827701034598, 1236
CPUseq, 82888, 124.333262877818, 1239
CPUseq, 91491, 112.0736996649, 1244
CPUseq, 83594, 122.95434705094, 1245
CPUseq, 111616, 95.3607018547657, 1246
CPUseq, 86025, 126.847212532505, 1247
CPUseq, 107919, 97.8339562095212, 1252
CPUseq, 83752, 128.364761305726, 1255
CPUseq, 79370, 129.790906849066, 1263
CPUseq, 99197, 103.2332658876, 1269
CPUseq, 98527, 103.87020379334, 1274
CPUseq, 79867, 128.887571371493, 1278
CPUseq, 87354, 117.529529294235, 1283
CPUseq, 81863, 125.574503352839, 1286
CPUseq, 82952, 123.889639109481, 1292
CPUseq, 102099, 100.260677762182, 1296
CPUseq, 92742, 110.612127513661, 1301
CPUseq, 92246, 111.195125205711, 1306
CPUseq, 99082, 103.359173126615, 1312
CPUseq, 82909, 123.932630222211, 1315
CPUseq, 117252, 89.7311654283766, 1324
CPUseq, 94679, 112.322950948567, 1327
CPUseq, 85379, 120.321016471947, 1332
CPUseq, 124107, 85.7250625792957, 1336
CPUseq, 107328, 96.969696969697, 1341
CPUseq, 86125, 123.960283125287, 1343
CPUseq, 106283, 99.3907347957023, 1349
CPUseq, 148314, 68.4776728547657, 1353
CPUseq, 152952, 66.3437935381145, 1356
CPUseq, 103529, 103.872361642014, 1357
CPUseq, 97399, 105.250970940207, 1359
CPUseq, 89081, 115.263145761774, 1364
CPUseq, 98385, 104.137378029096, 1371
CPUseq, 105994, 99.7526135184742, 1374
CPUseq, 103145, 104.351455702807, 1379
CPUseq, 90730, 113.28492290961, 1381
CPUseq, 109869, 97.7928161397264, 1388
CPUseq, 97814, 108.314197825051, 1391
CPUseq, 87179, 118.621147778226, 1397
CPUseq, 160298, 65.4176261251832, 1402
CPUseq, 97690, 114.776300989372, 1403
CPUseq, 98860, 103.926337012326, 1406
CPUseq, 97367, 105.182333575253, 1415
CPUseq, 90719, 113.101701049584, 1421
CPUseq, 94286, 108.685019943701, 1428
CPUseq, 116378, 90.3603571041313, 1436
CPUseq, 110598, 92.4513474783895, 1438
CPUseq, 105924, 96.4487567755252, 1440
CPUseq, 94256, 112.570778877219, 1445
CPUseq, 89482, 114.625004298438, 1446
CPUseq, 92812, 110.41671267363, 1450
CPUseq, 93495, 110.777547606651, 1452
CPUseq, 111591, 94.9911183304361, 1454
CPUseq, 108930, 93.7523438085952, 1455
CPUseq, 103123, 102.373006285703, 1458
CPUseq, 120207, 88.2651485061124, 1460
CPUseq, 94652, 112.036030787501, 1463
CPUseq, 113865, 95.1339009656091, 1467
CPUseq, 102775, 107.066381156317, 1472
CPUseq, 95930, 106.843314279609, 1474
CPUseq, 115511, 91.1319499503331, 1479
CPUseq, 116595, 87.7231457520067, 1483
CPUseq, 94990, 111.720609100761, 1486
CPUseq, 116757, 90.1412513408511, 1492
CPUseq, 112149, 90.9967787140335, 1498
CPUseq, 112639, 90.5846332228201, 1501
CPUseq, 114798, 88.854137048621, 1507
CPUseq, 98274, 109.597448571397, 1508
CPUseq, 123690, 87.7408486294879, 1512
CPUseq, 123346, 82.7869395324194, 1513
CPUseq, 103935, 102.94526400313, 1517
CPUseq, 116776, 90.9487776484284, 1519
CPUseq, 115584, 88.2854090704429, 1523
CPUseq, 134329, 76.8568617806198, 1525
CPUseq, 97621, 108.982323067199, 1530
CPUseq, 118355, 88.8351929500391, 1532
CPUseq, 116777, 87.4615169325497, 1539
CPUseq, 97870, 108.172426848396, 1541
CPUseq, 97149, 105.357425064531, 1546
CPUseq, 95541, 107.200668932174, 1550
CPUseq, 122314, 86.6573654427758, 1557
CPUseq, 110508, 92.5274806617565, 1558
CPUseq, 131722, 78.0506080142364, 1562
CPUseq, 109002, 93.7866354044549, 1563
CPUseq, 102583, 103.905819764965, 1572
CPUseq, 109608, 96.3511807837205, 1575
CPUseq, 117342, 87.1535645807914, 1582
CPUseq, 107214, 95.322523759139, 1584
CPUseq, 117747, 88.4212387815553, 1588
CPUseq, 102374, 103.50466806053, 1591
CPUseq, 144434, 73.6111417824202, 1595
CPUseq, 107643, 95.0163903273315, 1597
CPUseq, 102400, 103.445778894992, 1603
CPUseq, 127130, 82.3573981650772, 1609
CPUseq, 122325, 83.2882188814392, 1614
CPUseq, 103367, 102.759081333813, 1616
CPUseq, 129604, 81.2519297333312, 1623
CPUseq, 113209, 90.146126871659, 1625
CPUseq, 115572, 88.3204974210415, 1631
CPUseq, 104135, 101.435309631283, 1633
CPUseq, 123518, 85.6223028974587, 1640
CPUseq, 106594, 95.9453495289083, 1642
CPUseq, 131982, 77.7889275240562, 1646
CPUseq, 118511, 86.3386374036245, 1648
CPUseq, 123112, 82.7389915771707, 1652
CPUseq, 132339, 76.8799058989952, 1655
CPUseq, 104471, 101.055014349812, 1659
CPUseq, 127166, 85.2108115477692, 1664
CPUseq, 104078, 98.1999941080004, 1669
CPUseq, 158262, 65.2537064105241, 1674
CPUseq, 111268, 92.2739058621612, 1676
CPUseq, 103645, 99.4055547824012, 1679
CPUseq, 119276, 85.4861597907299, 1684
CPUseq, 126130, 80.7669630814212, 1687
CPUseq, 116115, 87.7901464339643, 1692
CPUseq, 121852, 83.6953155731874, 1695
CPUseq, 104264, 98.0363322647373, 1698
CPUseq, 125632, 81.0438447199935, 1704
CPUseq, 127471, 79.9168864381044, 1708
CPUseq, 119262, 85.4452552249774, 1711
CPUseq, 113221, 90.1168815954293, 1718
CPUseq, 105210, 97.1401927261424, 1720
CPUseq, 106616, 95.8772770853308, 1727
CPUseq, 123507, 82.5382151936346, 1731
CPUseq, 107242, 95.3025379065845, 1737
CPUseq, 108536, 94.1096754157295, 1743
CPUseq, 127395, 79.9648154811883, 1748
CPUseq, 130784, 77.844637672134, 1751
CPUseq, 135259, 75.1924927815207, 1755
CPUseq, 126951, 80.188603595657, 1759
CPUseq, 117837, 86.6340922479814, 1765
CPUseq, 130189, 78.1793590856142, 1767
CPUseq, 127625, 79.8473319014045, 1773
CPUseq, 119348, 85.8951563721322, 1775
CPUseq, 117829, 86.5261482019866, 1779
CPUseq, 119181, 86.4349058723875, 1783
CPUseq, 153752, 66.0759476942798, 1787
CPUseq, 128654, 80.7917592405575, 1789
CPUseq, 122376, 83.922187347891, 1791
CPUseq, 131731, 77.3221783204076, 1796
CPUseq, 134138, 76.57378266829, 1799
CPUseq, 112705, 90.5469032959073, 1801
CPUseq, 132472, 77.2415497744547, 1808
CPUseq, 140121, 72.546302677684, 1810
CPUseq, 134937, 75.3500007535, 1814
CPUseq, 114199, 89.3247938830381, 1815
CPUseq, 113346, 90.00009000009, 1819
CPUseq, 152855, 66.4213504788979, 1820
CPUseq, 139708, 72.9330766089037, 1823
CPUseq, 116823, 87.3843249997815, 1824
CPUseq, 116280, 87.7477777875275, 1828
CPUseq, 130060, 78.2913691594639, 1829
CPUseq, 126524, 80.4628221530242, 1834
CPUseq, 127830, 80.9343056241249, 1836
CPUseq, 131761, 77.5289958444458, 1840
CPUseq, 129597, 81.0931354660828, 1841
CPUseq, 128959, 78.9440444612858, 1843
CPUseq, 131210, 77.5404179428527, 1844
CPUseq, 128013, 79.5051598848765, 1848
CPUseq, 183057, 55.3826386504359, 1850
CPUseq, 174916, 57.929372509037, 1852
CPUseq, 122116, 83.4801192096102, 1853
CPUseq, 120206, 84.850027576259, 1855
CPUseq, 119863, 85.0651173473294, 1856
CPUseq, 128390, 79.7479963315922, 1861
CPUseq, 135728, 75.3221906705935, 1863
CPUseq, 125897, 81.3775593242408, 1866
CPUseq, 120948, 84.7637211273575, 1869
CPUseq, 131436, 77.408367844564, 1872
CPUseq, 146170, 69.5033292094691, 1873
CPUseq, 136036, 75.1422066260398, 1876
CPUseq, 122835, 82.9600132736021, 1878
CPUseq, 116903, 87.2501374189664, 1880
CPUseq, 121179, 84.096509153905, 1883
CPUseq, 157556, 64.7291086801735, 1888
CPUseq, 123596, 84.4223820619323, 1890
CPUseq, 131265, 77.5223845885499, 1892
CPUseq, 122714, 82.984108543214, 1895
CPUseq, 153044, 66.3442336909287, 1898
CPUseq, 118667, 85.9025349838074, 1899
CPUseq, 152287, 66.6369021836913, 1903
CPUseq, 169674, 59.8268610640805, 1904
CPUseq, 127653, 79.9597003110432, 1905
CPUseq, 132846, 76.57378266829, 1907
CPUseq, 131716, 77.7151738877016, 1908
CPUseq, 167252, 60.7839919278859, 1910
CPUseq, 152560, 66.9106675677303, 1911
CPUseq, 126962, 80.2072555483369, 1912
CPUseq, 123077, 82.7800864224102, 1914
CPUseq, 131005, 77.7085308425159, 1916
CPUseq, 128973, 78.9583810373552, 1919
CPUseq, 139073, 73.1256078566153, 1920
CPUseq, 143645, 70.7844330874754, 1923
CPUseq, 135842, 74.8531007897002, 1925
CPUseq, 141932, 71.553790562055, 1927
CPUseq, 120984, 84.2616154636917, 1928
CPUseq, 137108, 74.1537206629343, 1929
CPUseq, 141850, 71.6429886589149, 1931
CPUseq, 169545, 59.8719936775175, 1934
CPUseq, 125206, 81.8384182270525, 1935
CPUseq, 126413, 80.5269684817445, 1936
CPUseq, 131996, 77.6054075447977, 1938
CPUseq, 136940, 74.2528308891776, 1940
CPUseq, 129295, 79.2229810023292, 1941
CPUseq, 136257, 75.2468095352757, 1942
CPUseq, 122156, 83.4167500834167, 1943
CPUseq, 120498, 84.5837633007968, 1946
CPUseq, 125257, 81.2902386681407, 1947
CPUseq, 128090, 79.0076637433831, 1947
CPUseq, 127959, 79.0826413602214, 1947
CPUseq, 149924, 67.5543305703612, 1947
CPUseq, 134628, 75.1467239785682, 1947
CPUseq, 124583, 81.2684377768206, 1947
CPUseq, 158966, 63.5849176575316, 1947
CPUseq, 126210, 80.477715720517, 1947
CPUseq, 127547, 79.5070562512423, 1947
CPUseq, 129123, 78.4129224496197, 1947
CPUseq, 123396, 82.058688373925, 1947
CPUseq, 123314, 82.0768731994386, 1947
CPUseq, 119978, 84.4601728055136, 1947
CPUseq, 121596, 83.2507763134891, 1947
CPUseq, 121486, 83.3479192191967, 1947
CPUseq, 122088, 83.275734283787, 1947
CPUseq, 144129, 70.1336045166041, 1947
CPUseq, 124650, 81.2294895538876, 1947
CPUseq, 148093, 68.2328377354886, 1947
CPUseq, 157449, 64.3678752808049, 1947
CPUseq, 142058, 71.1713378788095, 1947
CPUseq, 178703, 56.445194538363, 1947
CPUseq, 134664, 75.5355470284316, 1948
CPUseq, 137272, 74.4125132082211, 1950
CPUseq, 125637, 81.0878749300617, 1951
CPUseq, 122992, 82.793108301665, 1952
CPUseq, 133439, 76.6853523308513, 1953
CPUseq, 124882, 81.5015852058323, 1954
CPUseq, 142309, 72.493711170556, 1955
CPUseq, 141611, 71.3617971755001, 1955
CPUseq, 119319, 84.9112677252271, 1955
CPUseq, 123769, 81.8042750914163, 1955
CPUseq, 121704, 83.2189073357467, 1955
CPUseq, 124079, 81.5414597552125, 1955
CPUseq, 122427, 82.7794011738119, 1955
CPUseq, 157941, 63.9574299346355, 1955
CPUseq, 126039, 80.8695089603416, 1956
CPUseq, 130829, 77.3275595422208, 1956
CPUseq, 142390, 71.2748214565723, 1956
CPUseq, 146111, 69.1950539375445, 1956
CPUseq, 124329, 81.4206271016699, 1956
CPUseq, 127206, 79.5469008527428, 1956
CPUseq, 158692, 63.7860869787082, 1956
CPUseq, 140438, 72.2595563263242, 1956
CPUseq, 134925, 74.9658905198135, 1956
CPUseq, 143392, 70.6728764567447, 1956
CPUseq, 141790, 71.3668900450325, 1956
CPUseq, 134730, 75.7822624036618, 1958
CPUseq, 128331, 79.3663391482405, 1959
CPUseq, 139213, 73.0380162874776, 1961
CPUseq, 123704, 82.8569061231254, 1962
CPUseq, 141749, 71.6789357111626, 1965
CPUseq, 130324, 78.10181352411, 1967
CPUseq, 123715, 82.2848867348534, 1969
CPUseq, 122554, 83.1303567123607, 1971
CPUseq, 124917, 81.4670587947763, 1975
CPUseq, 131914, 77.1170559792709, 1977
CPUseq, 141133, 71.9926855431488, 1979
CPUseq, 134536, 75.8035172832019, 1981
CPUseq, 146726, 69.3039115127658, 1984
CPUseq, 124704, 81.6873335620579, 1986
CPUseq, 195818, 51.6691726215388, 1988
CPUseq, 125065, 81.4836543789316, 1989
CPUseq, 125525, 81.9940964250574, 1990
CPUseq, 156203, 64.9375949712326, 1992
CPUseq, 124665, 81.6539830812947, 1994
CPUseq, 124479, 81.8129755379203, 1995
CPUseq, 127462, 79.8658254133057, 1999
CPUseq, 147001, 69.114709683662, 2000
CPUseq, 153495, 66.4654977601127, 2004
CPUseq, 151355, 67.0645831936154, 2006
CPUseq, 149539, 67.9080253704383, 2008
CPUseq, 206615, 49.0511063477037, 2009
CPUseq, 126040, 80.8557775495848, 2011
CPUseq, 128594, 79.1615211677908, 2012
CPUseq, 150261, 67.5899453197342, 2013
CPUseq, 147647, 68.7625491652227, 2015
CPUseq, 138379, 73.4581141832927, 2016
CPUseq, 130887, 77.7411530567821, 2018
CPUseq, 156224, 65.0778982441983, 2020
CPUseq, 147912, 68.7918770551573, 2022
CPUseq, 146628, 69.2794247036573, 2024
CPUseq, 127704, 80.1429750675205, 2026
CPUseq, 149119, 68.2225966884752, 2029
CPUseq, 129038, 79.0720108803087, 2030
CPUseq, 136705, 74.8043865292261, 2034
CPUseq, 131891, 77.3281575019912, 2036
CPUseq, 129079, 78.8525378689313, 2037
CPUseq, 138904, 73.6078907658901, 2040
CPUseq, 128862, 78.9727228215374, 2047
CPUseq, 143352, 71.0716900137168, 2048
CPUseq, 134482, 75.6115080715285, 2052
CPUseq, 134092, 76.3003486925935, 2054
CPUseq, 146711, 69.6054069480117, 2057
CPUseq, 158088, 65.088487799163, 2059
CPUseq, 134511, 75.6561277680686, 2062
CPUseq, 134103, 76.7559850479341, 2063
CPUseq, 132637, 76.6588985649454, 2066
CPUseq, 145714, 70.0437072733386, 2067
CPUseq, 139239, 73.1154492944359, 2069
CPUseq, 135759, 74.9097337708062, 2070
CPUseq, 131309, 77.4815400230895, 2073
CPUseq, 132486, 76.7919399179862, 2075
CPUseq, 140236, 72.879391894354, 2081
CPUseq, 137443, 73.9913134198045, 2082
CPUseq, 150619, 67.3995241593594, 2085
CPUseq, 131199, 77.5332035944393, 2087
CPUseq, 132819, 76.5644021468658, 2090
CPUseq, 135847, 74.8525404952244, 2091
CPUseq, 141386, 72.261122793326, 2092
CPUseq, 142580, 71.0747208540339, 2092
CPUseq, 151653, 66.9406771718903, 2094
CPUseq, 149015, 67.9186334770944, 2094
CPUseq, 137605, 73.5948895708682, 2094
CPUseq, 151472, 66.9599512531555, 2094
CPUseq, 131178, 77.1319264469949, 2094
CPUseq, 135257, 74.9956877479545, 2094
CPUseq, 152425, 66.2708090340367, 2094
CPUseq, 132150, 76.993555639393, 2095
CPUseq, 154536, 65.6659180752006, 2096
CPUseq, 131482, 77.3694390715667, 2097
CPUseq, 160987, 63.1392852632908, 2099
CPUseq, 164379, 61.6678691901159, 2100
CPUseq, 171351, 59.1338079806987, 2102
CPUseq, 148522, 68.4134911404529, 2104
CPUseq, 154919, 65.5707606863947, 2106
CPUseq, 139910, 72.6775876855096, 2107
CPUseq, 138106, 73.6545161266563, 2108
CPUseq, 148071, 69.0197810692544, 2110
CPUseq, 145797, 70.0358583594801, 2111
CPUseq, 147612, 68.9293887341807, 2113
CPUseq, 134428, 75.6990810131565, 2114
CPUseq, 138975, 73.2853070287938, 2116
CPUseq, 139067, 73.0865929953809, 2118
CPUseq, 153869, 66.2269199184084, 2119
CPUseq, 151127, 67.170896194097, 2121
CPUseq, 139983, 72.612676721102, 2122
CPUseq, 158463, 63.9725685626004, 2123
CPUseq, 160626, 63.5853219642778, 2125
CPUseq, 148153, 68.6120469031953, 2126
CPUseq, 141293, 71.9383057090239, 2128
CPUseq, 142008, 71.5886231360112, 2130
CPUseq, 148239, 68.5156763867573, 2131
CPUseq, 134732, 75.5315533063937, 2133
CPUseq, 137604, 74.3726665575868, 2134
CPUseq, 153286, 66.2343769663331, 2135
CPUseq, 137158, 74.117446505733, 2136
CPUseq, 153692, 66.0449634110903, 2139
CPUseq, 135623, 74.9906261717285, 2140
CPUseq, 178261, 57.0629689862764, 2143
CPUseq, 157709, 64.4383872360443, 2145
CPUseq, 138800, 73.269735203177, 2146
CPUseq, 136498, 74.4973292707456, 2147
CPUseq, 160113, 63.3942552125926, 2149
CPUseq, 136619, 74.4069763981071, 2150
CPUseq, 154640, 65.6577262729392, 2152
CPUseq, 141586, 71.7560867100552, 2153
CPUseq, 148749, 68.2836228558943, 2154
CPUseq, 136075, 74.7339471481526, 2155
CPUseq, 135872, 74.5423102152782, 2155
CPUseq, 140670, 72.4286035040958, 2156
CPUseq, 157547, 64.2743744496507, 2156
CPUseq, 153726, 66.4610803913228, 2157
CPUseq, 163975, 61.5721841500884, 2157
CPUseq, 137914, 73.3030347456385, 2157
CPUseq, 161290, 62.8839853354546, 2158
CPUseq, 146492, 69.5676371352047, 2159
CPUseq, 144933, 70.0883814490072, 2161
CPUseq, 152769, 66.4151745390787, 2163
CPUseq, 156038, 65.054190140387, 2165
CPUseq, 140773, 72.1943471826156, 2166
CPUseq, 211942, 47.8562780258328, 2167
CPUseq, 156130, 65.2835263549596, 2168
CPUseq, 140850, 72.1401828032232, 2170
CPUseq, 179863, 56.6241796571972, 2172
CPUseq, 144184, 70.4701770210847, 2174
CPUseq, 153857, 66.0746379109843, 2178
CPUseq, 141968, 71.577350063346, 2180
CPUseq, 152853, 66.4412094957777, 2182
CPUseq, 154540, 66.1988613795843, 2183
CPUseq, 155524, 65.2400835073069, 2185
CPUseq, 138013, 73.6290275078047, 2187
CPUseq, 138939, 73.2541699936269, 2188
CPUseq, 159133, 63.7283642203472, 2189
CPUseq, 140212, 72.4679691576323, 2191
CPUseq, 160036, 63.3577049304966, 2193
CPUseq, 154010, 65.9043727551323, 2195
CPUseq, 156079, 64.9920384752868, 2197
CPUseq, 149015, 68.1198910081744, 2198
CPUseq, 160551, 63.5493587869698, 2200
CPUseq, 146276, 69.4844945350445, 2201
CPUseq, 140714, 72.235545667312, 2203
CPUseq, 141803, 71.6563362115295, 2205
CPUseq, 137940, 73.7245650250664, 2206
CPUseq, 142863, 71.5143886950054, 2207
CPUseq, 162451, 62.4336642317538, 2208
CPUseq, 141880, 71.6301591622137, 2209
CPUseq, 139323, 72.953827522561, 2210
CPUseq, 163470, 62.0270437910929, 2211
CPUseq, 162564, 62.3717480929838, 2213
CPUseq, 146523, 69.321206743567, 2215
CPUseq, 212552, 47.9409367659044, 2216
CPUseq, 142094, 71.536386983239, 2218
CPUseq, 144750, 70.1916935149894, 2219
CPUseq, 147114, 69.0378879929305, 2221
CPUseq, 170964, 59.2940450990507, 2222
CPUseq, 145766, 69.7233377956269, 2223
CPUseq, 143792, 70.8079899735886, 2224
CPUseq, 141535, 71.8401126452966, 2225
CPUseq, 142390, 71.3786064040886, 2226
CPUseq, 141581, 71.7885396775259, 2228
CPUseq, 142177, 71.4724759495118, 2229
CPUseq, 169878, 59.9466474837395, 2231
CPUseq, 146416, 69.3702568086907, 2232
CPUseq, 151868, 67.1469914790468, 2234
CPUseq, 160163, 63.3532896195635, 2236
CPUseq, 152494, 66.6062769755422, 2237
CPUseq, 150528, 67.5319763908211, 2238
CPUseq, 166208, 60.9923454606447, 2239
CPUseq, 162666, 62.3460831073288, 2242
CPUseq, 153394, 66.3732966952736, 2243
CPUseq, 150584, 67.4167908259231, 2245
CPUseq, 162742, 62.5923236774242, 2246
CPUseq, 159345, 63.689805172886, 2248
CPUseq, 152816, 66.8230325628638, 2249
CPUseq, 162215, 62.8140703517588, 2250
CPUseq, 159573, 63.751928495837, 2252
CPUseq, 152307, 66.6880068288519, 2253
CPUseq, 144761, 70.1705143498702, 2254
CPUseq, 154001, 66.8016059106061, 2256
CPUseq, 172062, 59.1289128558082, 2258
CPUseq, 145758, 69.6844687256104, 2260
CPUseq, 153065, 66.6244711682601, 2262
CPUseq, 156708, 65.8505587419909, 2264
CPUseq, 148317, 68.4495492597181, 2266
CPUseq, 156398, 64.8647246168116, 2268
CPUseq, 179444, 56.4391416735334, 2271
CPUseq, 150992, 67.2286985868528, 2273
CPUseq, 154074, 65.8744170114094, 2275
CPUseq, 153713, 66.101280381801, 2277
CPUseq, 149412, 67.9689517828256, 2278
CPUseq, 147811, 69.1730363504306, 2280
CPUseq, 164996, 61.753935269525, 2282
CPUseq, 158034, 64.1848523748395, 2284
CPUseq, 151757, 68.001305625068, 2286
CPUseq, 166100, 61.0258444451225, 2288
CPUseq, 155421, 65.2856573939271, 2289
CPUseq, 154718, 65.5922653600688, 2291
CPUseq, 176782, 57.4019861087194, 2293
CPUseq, 151387, 67.0591864379501, 2295
CPUseq, 158829, 63.886741584519, 2296
CPUseq, 162439, 62.4875024995001, 2298
CPUseq, 155823, 65.1520975717813, 2300
CPUseq, 156630, 65.1092533270828, 2301
CPUseq, 160477, 63.4207906035757, 2303
CPUseq, 150546, 67.4599962222402, 2305
CPUseq, 148928, 68.183987672335, 2306
CPUseq, 157136, 64.8630416874769, 2307
CPUseq, 156124, 65.025424941152, 2309
CPUseq, 179850, 56.3243833888128, 2310
CPUseq, 170611, 59.3894761848201, 2311
CPUseq, 155596, 65.2047755977648, 2313
CPUseq, 214128, 47.2304088264188, 2316
CPUseq, 163510, 62.076329054205, 2317
CPUseq, 152982, 66.361404207313, 2318
CPUseq, 156354, 64.8929266709929, 2320
CPUseq, 171808, 59.0008791130988, 2322
CPUseq, 149188, 68.0623996079606, 2324
CPUseq, 158178, 64.4574935059075, 2326
CPUseq, 159404, 63.6375206821942, 2328
CPUseq, 150684, 67.356849854846, 2330
CPUseq, 174740, 57.9824429162849, 2332
CPUseq, 150736, 67.3255594753992, 2333
CPUseq, 168303, 60.2289906223462, 2334
CPUseq, 174627, 58.4060975965891, 2335
CPUseq, 152613, 66.7062457057854, 2337
CPUseq, 154265, 66.8668213519134, 2339
CPUseq, 153700, 66.7793010878348, 2341
CPUseq, 172708, 58.9622641509434, 2343
CPUseq, 183994, 55.0260823630401, 2345
CPUseq, 157117, 64.5656988268413, 2346
CPUseq, 197746, 50.9634642924487, 2346
CPUseq, 151318, 66.7498815189603, 2346
CPUseq, 179989, 56.1611600649223, 2346
CPUseq, 164589, 61.3199737550512, 2346
CPUseq, 161399, 62.5426071511217, 2346
CPUseq, 186418, 54.5699614190373, 2346
CPUseq, 153933, 65.6792880365177, 2346
CPUseq, 164709, 62.4855502165124, 2346
CPUseq, 171682, 58.9640024764881, 2346
CPUseq, 151108, 67.0070625443922, 2346
CPUseq, 151739, 66.5783394030586, 2346
CPUseq, 168659, 59.9603062772445, 2346
CPUseq, 149780, 67.4372496392107, 2346
CPUseq, 183389, 55.1034015329766, 2346
CPUseq, 169055, 59.8719936775175, 2346
CPUseq, 169940, 59.3866546309713, 2346
CPUseq, 157268, 64.1951532659284, 2346
CPUseq, 166230, 60.7961868631599, 2346
CPUseq, 159915, 63.1955459779195, 2346
CPUseq, 158152, 63.8541061382952, 2346
CPUseq, 156861, 64.3720187708807, 2346
CPUseq, 163960, 61.7078257864662, 2346
CPUseq, 180338, 55.9159024826661, 2346
CPUseq, 164834, 61.2812687673886, 2346
CPUseq, 164486, 61.3568452764433, 2346
CPUseq, 166749, 60.9128398175051, 2346
CPUseq, 156501, 64.5423623795478, 2346
